<Ui xsi:schemaLocation="http://www.blizzard.com/wow/ui/ ..\FrameXML\UI.xsd">
  <Script file="Lib\LibStub\LibStub.lua"/>
  <Include file="Lib\CallbackHandler-1.0\CallbackHandler-1.0.xml"/>
  <Include file="Lib\AceGUI-3.0\AceGUI-3.0.xml"/>
  <Include file="Lib\LibSharedMedia-3.0\lib.xml"/>
  <Include file="Lib\AceGUI-3.0-SharedMediaWidgets\widget.xml"/>
  <Include file="Lib\AceAddon-3.0\AceAddon-3.0.xml"/>
  <Include file="Lib\AceConfig-3.0\AceConfig-3.0.xml"/>
  <Include file="Lib\AceDB-3.0\AceDB-3.0.xml"/>
  <Include file="Lib\AceDBOptions-3.0\AceDBOptions-3.0.xml"/>
  <Include file="Lib\AceLocale-3.0\AceLocale-3.0.lua"/>
</Ui>